comment_text,toxic,severe_toxic,obscene,threat,insult,identity_hate
MP. Chairman. Upodesta. Minister eder agey dhorun. Americatey jara jara bari koresey tadero dhorun joruri. Na  parley sakuri  serey  bari  jan  joldi.,1,0,0,0,0,0
mone hoy priya sahar sathe sorkarer montri golo jorito ace..ta na hole amon kotha bolbe kno..ai ta holo sonar Banglar Sonar montri..ai sob sone r ai Gibone Bangladeshe jete mon caibe na..nijer desh k r koto opoman korbi....,1,0,0,0,1,0
Ai sala kader or mar opkho nitece,0,0,0,0,1,1
Lav ni vi ki khobor tobor Nia aico bichar bivag silent treatment dorkar,1,0,0,0,0,0
natok ta aktu kom korlei hoi,1,0,0,0,0,0
What a buddhi,0,0,0,0,0,0
Md Anamul Haque vaiya Vule o deshe jeo na,0,0,0,0,0,0
Ei desher future ki.,1,0,0,0,0,0
Dinkal ja porse sobari dekhi sathey kichu ekta rakte hobe.jeno akromon korle 2/4 tare sathey niye mora jai.ei chara ami ar upay dekhi na,0,0,0,1,0,0
Chi chi ki obosta ai deshe,0,0,0,0,0,0
Ki shuro holo deshe allah ei desher sokol jonogon k bujar motu towfik dao..,0,0,0,0,0,0
Ghure fire jatikei dos dilam ...haire bangali. Moja moja moja!!!!,0,0,0,0,0,1
adar bicar kora dorkar,0,0,0,0,0,0
Allah ki din aslo re ??????,0,0,0,0,0,0
Congratulations,0,0,0,0,0,0
Bichar chai Bichar nai  Kano nai  Amra sobai  opradhi,1,1,0,0,0,0
Fashi  chai  aei hujuke murderer der. Manuser jibon ki moger mulluk?,0,0,0,1,0,0
Asob Gonopituni te jara jorito bichar er autai ante hobe,0,0,0,0,0,0
we want crossfire to them.,0,0,0,0,0,0
"Dorar sate, sate... Shot kora usit silo....",0,0,0,1,0,0
Gonopituni jinistai nishiddho kora hok. Ebong video footage jakei gotopitunite dekha jabe marte take obosshoi khuni hishebe chinnito kora uchit.,0,0,0,0,0,0
Jodi se kono answer na kore tahole tar kichu kichu sorirer onsosh katte thaklei obossoi bole dibe ki Karon r rohosso ta ki,0,0,0,1,0,0
Salara 2019 aisha akhono sele dhora eisob bishas kore ??,1,0,0,0,1,0
Sondheho holey esthanio police k janabey nijera bicharok hoe gheley to erokom vol protinioto hobey.,0,0,0,0,0,0
Jekono prokar hottai jorito baktike crosfire dea hok,0,0,0,1,0,0
Aaeen k mene sola...,0,0,0,0,0,0
munshigonj er nodi vangon er ki hbe??,0,0,0,0,0,0
Elakar jonoprotinidhider dhon kete dao shob thik hoya jabe,1,1,1,0,0,0
So sd,0,0,0,0,0,0
Amra bangladeshira otirikto ortho orjon korar lov shomboron korte na pere nijerai nijeder hate poribesh noshto kore deshke poribesh biporjoyer mukhomukhi nie eshechi.,1,0,0,0,0,0
good news,0,0,0,0,0,0
Turag nodite  j kono jinis. Manus hok.  Ba kono janbahon gale.  Khuje paoa jai na kno,0,0,0,0,0,0
Manus kotota kharap hole amon khusi note pare .amader cheye kakur o valo ace.Allah sobai k khoma karun,0,0,0,0,1,0
Bangladesh a bestti dorker.,0,0,0,0,0,0
Sab paagal thake neki Bangladeshe???,1,0,1,0,1,1
bangali kre rekeco manus koro ni.kta ta kub kane baje,1,0,0,0,0,1
ate proman hoy shikker man 0,1,0,0,0,1,0
amar ekta frnd ace hata kothay kothay koy hata Du te pore... ekhn hatar ki obostha hoibo kijani... ontoto hatar chapa marar jnno holeo Du under e thakuk!!,1,0,0,0,0,0
Sobai DU likhe rakhchilo fb te. Akhon abar ki holo? Convocation er poro kto pic & lafalafi dekhlam!!,1,0,0,0,0,0
Khub valo korce,0,0,0,0,0,0
eto sotow andolon manay na,1,0,0,0,0,0
"goru ojon o mota hole kano khoti nai ,",1,0,0,0,0,0
25 lakh kno 10 lakh o bikri korte parbe na,1,0,0,0,0,0
Ekhon erokom goru common hoye gese.... GME agro er Brahams niye report koren.... Oder goru gulu asoley  fantastic....,0,0,0,0,0,0
15 lak hole valo hoto dam  onek beshi,0,0,0,0,0,0
Jobaraz Hossain dusto tore tokkor dite aise...tore aro besi dame besmu.. eid aite de just...,1,0,0,0,0,0
"Desher manus Jodi Haramer taka income korey, taholey Ai dam deya goru kinbo. ......",0,0,0,0,1,0
Bformalin dawa 420.. Gorur nam YAMRAAH ??????,1,0,0,0,0,0
Hala dekhsi,0,0,0,0,1,0
Ata kon dasher,0,0,0,0,0,0
Dekho Juboraj Khan gorutar naam ki,0,0,0,0,0,0
Ai magira gaja khaisos,1,1,1,0,1,0
Ebar korbane 6 balle 6 six,1,0,0,0,0,0
Ai sob janogonar bichar kara dorkar,0,0,0,0,0,0
amr desh  ato ta  e  nece gece     manus amn kmne holo akto maya valobasa ki nai amn babe akjon k sobay marloh na jene  cc  dikkar janai aisob abal manus der akhon 2 ta baccr ki hobe,1,0,0,0,1,0
Sobar fashi na hole jail hok jeno akta ucit sikka hoi,0,0,0,0,0,0
Kisui hobe na ! Police er poket vari hobe,1,0,0,0,0,0
"Ai ki manus er jonno manus er bicher?Allah tumi er bicher koro,Amin",0,0,0,0,0,0
Ore vai sathe koira to vaista vaisti vaigna vagni nati karo niya to ber oua jabe na.school e to sathe jaite parum na ekon ki obe.,0,0,0,0,0,0
Sabai ke cross fire korun and oi picci maye ta ke 1 koti taka din and sarbokhonik akjon hostess din,0,0,0,1,0,0
Jobi shob gujob hoi tahole netrokonar ghote jawa ghotona ki gujob,1,0,0,0,0,0
je deshe priya saha sorkari somman pay sedeshe bicar asha kora jayna,1,0,0,0,0,1
Baki agoun lagaitase .... vatijaiy.,1,0,0,0,0,0
ai vudar news ta r valo lagche na akata bal pele matha kharap na kore sone na ara....  ato din cilo minni akon aice priya ... bal bad dento ai sob....,1,0,1,0,0,0
Pagol sagol..,0,0,0,0,1,0
Sonka logo nijja ton kari hasinar bisar sae .,1,0,0,0,0,0
Sei jonno to case neowa hoi ni,1,0,0,0,0,0
Hasina govt er ki kaj eta so kichue hobe na...eta akta plan er part....,1,0,0,0,0,0
Sob kisu plan onujayi hosse...amader netri ja kore khub chinta korai koren..desh a feruk priya....then,1,0,0,0,0,0
Narayon ka bacha kokhono valo cai be na,1,1,0,0,1,0
Ai chutia marka bibechona neye desh cholse. She khany ak chutiar ki bichar hobe.,1,0,0,0,1,0
Desher pasa merey dilo othoso tateyo kishu jaey acena.,1,1,1,0,0,0
Ay Awamelegue jokhn khomota haraba tokhn Sayrachar Arshad r caytau kharap obostha hoba,1,0,0,0,1,0
Trump saheber mon karte ei acting koreche,1,0,0,0,0,0
desher man somman dubiye dise..or bichar hoa uchit,0,0,0,0,0,0
Hindo der ufor nijja toner jonno hasinar bosar sae,1,0,0,0,0,0
priya saha asole rastrobirodhi kaj koreche,1,0,0,0,0,0
"Nijeder g.... kachidia farbo tate problem nai, ei kajtai korta onno ekjon sadharon lok dekhta ei kodiner moddei deshe ene bichar kore jabot jibon karadondo dia dito",1,1,0,0,0,0
"medam shekh hasina,apni sob jaygay ain er jotha jottho proyog koren.r corruption k nirmul koren desh thik vabe cholbe. ... noile amay dayitto den,sob kotare chande pathamu????????",1,0,0,0,0,0
agei mamla hole to tareker moto deshei firbe  na.sorkar thik chal cheleche.age asuk.tarpor mamla......sob pagol hoye geche.ekei bole g...... khaoa matha....,0,0,0,0,0,0
Agei jantam priya sahar akta bal o chirte parbona kew,1,1,0,0,1,0
Berister sumon k eto boro sahos k diyeche.,1,0,0,1,0,0
ai vabai nijadar paya nijara kural marsa bortoman shorkar ja mohila isposto shorkarar biruddha deshar bodnam korlo tar biruddha babostha na nita shorkarar onurodh jonogon kintu atoi boka non manonio prodhan montri kon shorta apni taka basassan taka saport korsan nijar khoti korsan,1,0,0,0,1,0
"Mamla,,korle,,2 tela pabe,,, 1 ta India,, r,1 ta America,, konta tela samlabe,, abr nije tike thakar,, tela,,,    sob dike tela,,, nao ebar samlao tela,,,,",1,0,0,0,0,0
PRIA SHAHA K PRODAN MONTRI HISHEBE DEKTE CAY!,1,1,1,1,1,1
Kano amar dash police. Army .rab.tara ar koby manous hobby,1,1,0,0,1,0
"thiki ache...akhon kichu na koratai better...bhaira, apnara bujhtesen na keno j akhon jodi mamla dey tar name tahole to se oi mamla ke dekhay asylum niye nite parbe....didi moni valo manush...visa sesh kore deshe ashte den...shobai mile mishty khawaben tokkhn...akhon aktu off jann",0,0,0,0,0,0
Pornstar masuda battik k charcaterless boli sate sate 64 district mamla hoi....ki drama wait korce dorsok dkbe,1,1,1,0,1,1
Fb lekhar karone Bangladesh onek loker mamla holo ar magi ai kotha bolche sei tar kono mamla holo na ar ke dekte chao bangladesh,1,1,1,0,1,0
Sohidul islam bbc k akta corruption nea kota bolchilo sate sate hajote dukiea diciln...akn dkbo ai rasdrodrohi hindu mohilar jonno ki hoi...jonogon wait krce,1,0,0,0,0,0
Rastrodruho na hole tahole thik kotha boleche...emon hoile govt ke and itere kaan dhore namay dewa uchit...keno minority der security dite parlona...,1,0,0,0,1,0
Independent boraborei baje...,1,0,0,0,0,0
Taskin amr baler bolar,1,1,1,0,1,1
Unak  bangladesh er rastopoty banano hok,1,0,0,0,0,0
Unar jonno #songrokkito ason /ba Ersad er ason cere dewa howk,1,0,0,0,0,0
Akhn kono magi r kutter chelera rasti nai..ata jodi kono muslim korto ai bangali hoia tahole sara desh a agun lege jeto...chudir betara akhn kisui korte parbe na.......?,1,1,1,0,1,0
Green card pawar dhanda plus Dadar desher dalali,1,0,0,0,0,0
"Ora jay jat baiman,  shay tar proman e delo!!!!   Ora jay shudhu hindustan kay apon vabey ai tai proman.",1,1,0,0,0,1
Ari name huchuka bangali,1,0,0,0,0,0
Ajk raate koto chele Tor hogar upore comment korbe uporwala jane,1,0,1,0,1,0
Hogar put e ki bichi award paise,1,1,1,0,1,1
Ajkal meyeder value kom bolei eisob bal chal model der sathe kaz kore????,1,1,1,0,1,1
Nailar dudher baal. Eibar ekta gari kin. Maia gulare to puira halabi,1,1,1,0,1,0
khuda . amare bachai rakho .. plz :D,1,0,0,0,0,0
Shokal ta nsto kre dili,1,0,0,0,0,0
Kajer bedi diye Baal kamiye ne suyor. Baal na thakle ghu kha Tao ei garam e vhikkha kore fokinni marka coat pore fokinni r mukhe r gondho neyar chesta khema de.,1,1,1,0,1,0
Notun commenter ra comment kore amar hogay ekta latthi mayra jagaya diyen ami ghumayte gelam,1,1,1,0,0,0
Baler model????,1,1,0,0,0,0
kuttar baccha hlar put amare top fan banaisos kn? Akhon Ami bondhu shomaje mukh dekhaite pari na ????????,1,1,0,0,0,0
Khankir pola mother chod suarer bascha ato manush agune puirra more tui morona kan motherchod tore na padaia Jodi ALLAH ak bosta alu padaite taileo valo hoito koida manush khaia bachte to parto mother chod,1,1,1,0,1,0
"Tui vai ekta lok bote. Parish o tui. Eto eto gali hojom korish kivabe. 2 bosor ageo ami kono gali jantam na. Ar ekhon pry sob  rokomer galii shikhe gechi, sudhu tor post er comment porar karone. ..!!",1,0,0,0,0,0
Hayre murkho khankir pola tui kobe j porbi k jane,1,1,1,0,0,0
Fokinnir pola,1,0,0,0,1,0
Dhour miya ato lame ken ? Ma baba ki atoei kheat je social meadia te khetness dekhao,1,0,0,0,0,0
or 2jone mile Hero aloimmar putki ajka gorom banai dibo..hero alom tui ajka sesh . . . ????,1,1,1,0,0,0
Rastar pokiro to valo .obinoy korte par bo.ai kankir pula gor ki.man echod ase naki nai.Ahlai jane.,1,1,0,0,0,0
Khankir polara....toder kuttar baccha lojjao kre Na...,1,1,1,0,0,0
Doro madari??,1,1,0,0,0,0
tui ato gali khas tar por o pic up des??? onno kew hoile sucide korto,1,1,0,0,0,1
Boss.....ami ki okhana dhukta parbo,1,0,0,0,0,0
"o khoda, ki dehlam ????",1,0,0,0,0,0
Khankir pola tor maire bap. Tor jala r valo lage na,1,1,0,0,0,0
Halar po amar mobile ta tor hoga diya voira icchamoto vibration bajamu,1,1,1,0,0,0
Toi kobe morbi koto vai tore ar bokte  valo lagena,1,0,0,0,0,0
to ai pondapondir Video up diya dicot,1,1,0,0,1,0
Khankir pola tor sholpo doirgo tor goha dea dokea ponno doirgo bana mu.,1,1,1,0,1,1
Koi kaw asy ani?,0,0,0,0,0,0
"Jekhanei thako baat khaiyo, khub tesh",1,0,0,0,0,0
tor lipe dekly mone hoy...kon kamarar dokan thika jani make kory ainchos,1,0,0,0,1,0
Knkirpula mara kha,1,1,1,0,0,0
chudir pola hero alom o tw hoity parli nah.,1,1,1,0,0,0
Haisshokor,1,0,0,0,0,0
sala rohingacho**,1,0,0,0,1,0
Knkirpola ki gangbang mara loicos naki,1,1,1,0,0,0
Akdol khankir put...,0,0,1,0,0,0
sala rohinga,1,0,0,0,1,0
kamla choda,1,0,1,0,0,0
Khankir po,1,0,1,0,0,0
Aiccha tui kamne eto nite paros..... Tor upore akta gobesona howa uchit.. Tor ai gali gula lage na kan.. Tui ki mal vai...?,1,0,0,0,1,0
tumi asolai akta paka mother tost.na hoyle amader moto ai sob nispap baschader ato kasthake vondami sikhaw....?,1,0,1,0,0,0
Khankir pola tor mayre chodi mother chod ai khankir pola kono kaj kam nai ??,1,1,1,0,1,1
KHANKIR PO TOI KON BALER MODEL .....CHORA CHUTMARANA MAGIR PO ID TA MODEL LAGAISA.....,1,1,1,0,1,0
"Deshta vore gace osobvo chele meye dia,,,beyadop kara?? Jara kukormo to korei nd seta sara duniar kace tule dhre,,Allah er lanot poruk odr upor..??????",0,0,0,0,0,0
A khankir po a samarpo Tor maire chudi khankir pola Tor loger model dire bandor dia chodai tore kutta dia chodai mother chod khankir pola tui aia ki dao samarpo,1,1,1,0,1,1
Ore khankir pola moda matha????. Monda chitase tor bichi doita para dea golaia feli,1,1,1,1,1,1
"Shit, ajke khela r enjoy kora jabena halar pic dekhar karone.... Amar friend gulare boli tura emon valo moment e ere import na korley parti....",1,0,0,0,1,0
Luicchami time bol. Ay shob tut er shooting re shooting koiya shooting er nam kharap koris na,1,0,0,0,0,0
Sobai asta asta gali diban. Taratari tari korta giya banan bhul korban na. Ora Ja paran bolan sala ki post dilo aita.,1,0,0,0,1,0
Vaira amr please jani na koy din bachbo ai duniya te... But joto din bachbo or pic a apnader sobar comments dakbo. Ar dakbo.... Pless ore kau kisu kon. Amr sob gali ses. Sudu kisu Italian gali baki ase duar.. But oy bujbo na tai daina..... Vaiyara bachan amre ore kisu boila,1,0,0,0,0,0
Bhai Bangladesh ar khela ses hole jodi pic upld diti tor ki amon khoti hoito ??,1,0,0,0,0,0
"Giramer kochi kochi may ky takar lov dekhai oslinota, fasi chai tor????????",1,0,0,0,0,0
Bokacoda,1,0,1,0,1,0
Piche to dakh...,1,0,0,0,0,0
DDhuru halar pula,1,0,0,0,1,0
Besaar bta,1,0,0,0,1,0
Khankir pola tor pic deika amr phone hang marse ahn bodar pola gitar bajamo kmne,1,1,1,0,0,0
Amr hoga mara sas,1,0,1,0,0,0
Kire hala tor ki etoi vala lage gali shunte madari,1,0,0,0,1,0
Uni abr unar face niya aise amder binodon duar jonno,1,0,0,0,0,0
Knkirpola khelar dingulatei tor kufa pic na dile hoyna mdrcd,1,1,1,0,1,0
Lol ekhane jara Top Fan tader kotha chinta kortesi,1,0,0,0,0,0
Kire Uganda  Sokale uitha tor mukh ta dekhlam  Jodi din ta khrp jai Tore pisone  Bass jabe sala,1,1,0,0,1,0
Khanki  mone chaitache tor goyar niche ek jak moja lagai dei khankir pola saradin khali pacha thaprabi chudir via,1,1,1,0,1,0
Mangarput potorcycle tr huga diye ber krmu,1,0,0,0,1,0
Baba diboshe tore baba khaiya goyamu khankir pola,1,0,1,0,1,0
hEDA MARKA cHERA tA KILLAIGA j DEKHAS tUI ............ DAowat PAiya gesos naki andapati,1,0,0,0,1,0
Bhai gali astese khaia asi... Enargy nai,1,0,0,0,0,0
"Khanki magir chaowal, Kar gari curi korchis? :/",1,1,1,0,1,0
Ora onak din por paise ar Frank ki ra.,1,0,0,0,0,0
A kemon pank vidio ?? Vidio deikha nake pani eshe porce.... ??????...,1,0,0,0,0,0
Acudar bacca,1,0,0,0,1,0
Khankir po,1,0,1,0,1,0
dak bai. daka sek kico. sala falto polapan na sekka aay frank banata.,1,0,0,0,0,0
english Er Hoga MAra Ses... Madari BAngla oare Na Thik Kore English Choday.... Frank Or Prank :-p,1,1,1,0,1,0
mago ma,1,0,0,0,0,0
Knkirpola mdrcd tui valo hobina,1,1,1,0,1,0
Amitei jid uitta loise tore deikkha aro matha ta kharap koira dili,1,0,0,0,0,0
Ai madarchod tor jonno ghore kajer bedi jorina kalke basa theke choila gelo,1,0,0,0,0,0
Kore kore chehera paltai felse meyetar.....age aro cute chilo... riding fact...,1,0,1,0,1,0
Apne nam desen model kinto apner kono album to jibone deklam e na.,1,0,0,0,0,0
Garments er seri pash koi?amare ekta dishto bashai Kajer lok nai,1,0,0,0,0,1
maldare gang bang korte chai,1,1,1,0,1,1
Khankir pola tore oikane dhukte dei k,1,1,1,0,0,0
Khankir po,1,0,1,0,1,0
Oh tar mane pujar olpo boyose sobkichu boro howar pichone tor e hat roiche …,1,0,1,0,1,0
nice panja vee,1,0,0,0,0,0
Ei chobi te haha na diye jara like dey tara autistic,1,0,0,0,0,1
Dili to amar ajker din tar hoga maira,1,0,1,0,0,0
Tor chegera mothel er moto na betha van ala shndr tor theke,1,0,0,0,0,0
premium quality of madarchod,1,0,1,0,1,0
Eto gali deyar por or lojja hoy na????,1,0,0,0,0,0
khankir polare ki mon chay,1,1,1,1,1,1
Maiyada sesh ??,1,0,1,0,0,0
Tor taki kutta modal sundor,1,0,0,0,1,0
Tui hoile Gorib ar Dildar...??,1,0,0,0,1,0
Abal,1,0,0,0,1,0
Hala goru,1,0,0,0,1,0
Hihi,1,0,0,0,0,0
Comment porte aslam ????????????,1,0,0,0,0,0
Kire eida abar kare jogaili,1,0,0,0,0,0
2i bainchod ak shathe,1,1,1,0,1,1
khankir polar jonno fb ta duka jabe na,1,0,1,0,0,0
Ei post r comment gulo vlo silo nah...haste parlam nah,1,0,0,0,0,0
Asob post dakha ki bhujata chas tui kisar actor tor pic dakla to manus amni gali bar hoya. Ajka indiar kono player ai post dakla sure harba.,1,0,0,0,0,0
Comment kore galam jate notification paye sobar comment porta pari,1,0,0,0,0,0
Jai aibar haiga asi ??,1,0,0,0,0,0
Bainchod,1,0,1,0,1,0
baaler art,1,0,0,0,0,0
"Aita shera art nah, tore jedin dibo oita hoibo Shera art of this galaxy..",1,0,0,0,1,0
Da ta amar hate thakle tore samsur moto kufaytam,1,0,0,1,0,0
Nare vai aj are toke gali dibo na,1,0,0,0,0,0
Tore aij r Gail dibona,1,0,0,0,0,0
bainchod tore amne kopaite parle desh shadhin hoito??????????????????????,1,0,0,1,1,0
Khankir pot toi o moja los,1,0,0,0,1,0
Dili to tui Hatirjheel er hoga mairra,1,1,1,0,1,0
Or ghuar fuda diya jodi akta gorom rod dite partam... Taile hasi mukhe fashi te jhuila jaitam. ????????,1,1,1,1,0,0
Gorom er moddhe  bain-c*** thik hoilo nah...,1,0,1,0,0,0
Ami free mode on kore then comment korlam. Dekhi nai chobi ta. Jodio dekhte khub iccha kortese. ?? Free binodon bole kotha.,1,0,0,0,0,0
Kire hala tor futa ki beshi boro koira dise naki,1,0,1,0,1,0
"hagte boisos?? floor er upre killai, hoga da grill er baire diti bokchod? naki edao janos na hagbi kamne? :/",1,1,0,0,1,0
Sob comment porse?? Comment kore galam. Jate pore kew comment korle e notification pai ar abar comment porta asce pare??????,1,0,0,0,0,0
"vai, matha ta sei betha kortesilo ... bt esi picture ta dekhe matha betha ta koi je gelo bujhlam na ... haste haste pet betha hoiya gese ??????",1,0,0,0,0,0
Nirvik Shaha Rudra Ae khankir pola Cmnt por Ghure fire dekh....kon madarir put aeda,1,1,1,0,0,0
Sala valar post dao monda chaya tora tut tut dai. Ami tor top fan hoilam kamna.,1,1,0,0,1,0
"Madarchod, mood tai off koira dili!! -_-",1,1,1,0,1,1
Mara kha,1,0,0,0,0,0
shiki shalar putt,1,0,0,0,0,0
Kire tui akhono moros nai,1,1,0,1,0,0
Hatir jheel napak ??????,1,0,0,0,0,0
Lutir put,1,0,0,0,0,0
Dhur cdirpo,1,1,1,0,1,0
"tui abr prank er ki bujhosh, tui nijei to pranked hos daily amgo kase madari",1,0,0,0,1,0
Halarpu hala agye video banan shik,1,0,0,0,1,0
Valo time e Wi-Fi geche. Tur g*a mara video dekha lage nai. Thanks net for gone for a while.,1,0,1,0,0,0
Oi Beday boltese tore paile hater 5 ta angul tor pachay dukamu,1,1,0,1,0,0
eiiii kuttar bassa,1,1,0,0,1,0
Khankir po,1,1,1,0,1,0
Fuck video vhabsilam,1,0,0,0,0,0
Autistic halarpola,1,1,0,0,1,1
Khnkirpola kufa lagle toe bichi ita diya cheicha dimu mdrcd,1,1,1,1,1,1
bosao khonik er magi re,1,1,1,0,1,0
sei bhai,1,0,0,0,0,0
saoua tomar koita page lage,1,1,1,0,0,0
Tora laga goru suda modal,1,1,0,0,1,0
Khankir po,1,1,1,0,1,0
Abal cuda,1,1,1,0,0,0
golper moto ki mone thakbe sob? naki hariye jabe sob kichu??,0,0,0,0,0,0
Sotti tay.....,0,0,0,0,0,0
faltu	0	0	0,1,0,0,0,0,0
Eta poro	0	0	0,0,0,0,0,0,0
osadharon ekta golpo porlam..writter ar ID link powa jabe????,0,0,0,0,0,0
Darun,0,0,0,0,0,0
Aei pager prottek ta post amer vison pochonder. Khub valo chilo,0,0,0,0,0,0
Sobai nijeke niyei vabe keu Next generation niye vabena re vai ?? ,0,0,0,0,0,0
Jahid mamu France or e news hasa ni?,0,0,0,0,0,0
Amader aishob kichu e lagbena bhai.amader ase mohan chetona.shokal bikal 2 bela niyom kore chetona gule gule shobot khabo.tai to korsi desh shadin ar por taki,0,0,0,0,0,0
Amra fol vog na korlen amader vobissot projonmo humkir mukhe......,1,0,0,0,0,0
osthir????,0,0,0,0,0,0
Are vai onner gf k kn biye krlo,0,0,0,0,0,0
"Sbai etai bole,public kno kichu kore na.public er safety ki keo dibe?je public ei protest korbe,tar porer moment ei public rifat er jaigai jabe",1,0,0,0,0,0
Upnar leka ami sob somoy pori ... balo lage upnar leka... keep it up.. go ahead....... Thns,0,0,0,0,0,
Dese kono Niyom nai ain nai ase shudu khomotar dapot Allah jenu oder bicar kore,1,0,0,0,0,0
amader deser ain sinkola na thaker karone aj ai porinoti nijer des boltew garna hoi,1,0,0,0,0,0
bah vai!,0,0,0,0,0,0
" osadaron ,, e jonnoi to extreme noise all time  best  ????????",0,0,0,0,0,0
eta ki shotti?0,0,0,0,0,0,0
 amra..... Ami tamim ??,0,0,0,0,0,0
 ami tamim category????,0,0,0,0,0,0
bes chilo,0,0,0,0,0,0
Khubi valo laglo???,0,0,0,0,0,0
Onk balo hoycha...... choker pani ase gacha bai.,0,0,0,0,0,0
sotti khov valo cilo.,0,0,0,0,0,0
Khubi valo laglo,0,0,0,0,0,0
best likcan..,0,0,0,0,0,0
Jotheshto shundor ekta golpo..ar golper chole onek shikkha,0,0,0,0,0,0
 bhai poren taile apnio,0,0,0,0,0,0
Ki ek obstha,0,0,0,0,0,0
awesome.. valo laglo,0,0,0,0,0,0
 vai ei post deikkha jdi kw inspired hoy......taile bki da r na koilm....,0,0,0,0,0,0
Best cilo bhai,0,0,0,0,0,0
"Valovasa roilo.bangladesher cricket ke jevave represent kora hoy football ke temon vabe represent kora hoyna,tai hoyto tara backdate ei theke jay.foot ball ke choriye dewa hok banglar protiti konay.emon soto soto jamal Bhuyan ache edeshe.",0,0,0,0,0,0
 ektu por,0,0,0,0,0,0
Bhai post ta boost kore den ??,0,0,0,0,0,0
dekh tor triangle love.. ,0,0,0,0,0,0
Kotha kinto sotti ??,0,0,0,0,0,0
"Akjon popular hola ,kicu jelous people ata tolerate korta para na ...  Kono na Kono khut bar korar try Kora ..   Ai jonnoi bola .. Bangladesher manush gunir kodor korta Jana na",0,0,0,0,0,0
vaidy.....mehjabin er natok dekho to.....kisuta kanna koro.... ????,0,0,0,0,0,0
kanna chole ashlo .sotti sobai jodi sobar pashe darato duniyata onek sundor hoto,0,0,0,0,0,0
amar pokkho theke lekhika ke ekta thanks deben....,0,0,0,0,0,0
Valo laglo?,0,0,0,0,0,0
Ki sob golpo..shudhu shudhu somoy noshto..,0,0,0,0,0,0
"he he.. esob post porle hasi ase,kew lekhe meyeder dukkher kotha,kew likhe cheleder dukkher kotha...",0,0,0,0,0,0
 keu jate hat na dey...??,0,0,0,0,0,0
dekh obostha...,0,0,0,0,0,0
ki ekta golpo,0,0,0,0,0,0
tmr future ???? vuri samlaia cholba ??,1,0,0,0,0,0
Attempt niso kono din ? Tomar to abar vorsha nai ! Naam o tou tomar sathe mile ?? ,0,0,0,0,0,0
 udvot,0,0,0,0,0,0
Kafi Rehan bhaia!!! Jaid Jim er future!,0,0,0,0,0,0
Kiso osamajik Kotha??????,1,0,0,0,0,0
Right.apnar sathe puro ek mot.amro 2 meya ache tader o ami a vabe daroan er moto pahara do jano kono janoar er chok na pore oder opr.,0,0,0,0,0,0
dekh??  ,0,0,0,0,0,0
500 kore 2ta normal print er 3pis basay pathai dis to...goriber shopping... ?,0,0,0,0,0,0
asole sariter dam 1500 ordhek lose khaice sure....ora jane 5000 blle 3000 hzr blbe r 3000 blle 1500 ,),0,0,0,0,0
akdom amar moto,0,0,0,0,0,0
 Colo akdin shopping a jai ????????,0,0,0,0,0,0
Emon perai amio achi kin2 ki korbo buje uthe parchina,0,0,0,0,0,0
Ami mone kori sontan jodi oporadh kore tar jonno maa baba 50% doshi,0,0,0,0,0,0
Allahr kosom vule tag korsi ,0,0,0,0,0,0
"Sei extreme noise jonhon thake suru tokhon thake  achi,, sob osadabor lekha porai jacche ,,, aj ow porlem,, wow    Thanks ",0,0,0,0,0,0
Shotti likhata osadharon.,0,0,0,0,0,0
poro aita ,0,0,0,0,0,0
Akto kosto koira por ,0,0,0,0,0,0
Ananda Anabil ki obosta bro ? biyer dawat paile kintu miss dewa jabe na . ar ekhno bhor 5 tay tore phn dey nato? :v,0,0,0,0,0,0
"poro ??
",0,0,0,0,0,0
por ,,0,0,0,0,0
 kichu mone pore??????????,0,0,0,0,0,0
 bro ei likhata sera chilo apner ??,0,0,0,0,0,0
  tor obosta ola oile oito pare ??,0,0,0,,0,0
 tor jibon theke neya ??,0,0,0,0,0,0
 eta poro,0,0,0,0,0,0
 Mair khabi .  Dhur,0,0,0,0,1,0
Haslm khub haslm,0,0,0,0,0,0
ami behush,0,0,0,0,0,0
Ek shomoye amio bujhaitam nijeke nah bisshash e shob????????,0,0,0,0,0,0
eto josh kemne hoy,0,0,0,0,0,0
Sagor Askar tomar baccha ei kahini korechilo na bondhu? vabir haat e sedin ki mair tai na kheyechile :v,0,0,0,0,1,0
 mon valo koro ??,0,0,0,0,0,0
ha ha ha,0,0,0,0,0,0
 bhi Shabdan thakio ??????,0,0,0,1,0,0
\ er pichone jemne lagsen apne!   ??????,1,0,0,0,0,0
onk moja paici a,0,0,0,0,0,0
Apnaka onak thanks.,0,0,0,0,0,0
MAGIRPOLA,1,1,0,0,1,0
bodarpola,1,1,0,0,1,0
 ha ha ha kiya dialogue????,0,0,0,0,0,0
Chokher pani ehon koi rakhi...????anonde je pani joima geche ga...??,0,0,0,0,0,0
 vai sotti naki???,0,0,0,0,0,0
Aha re lojja,0,0,0,0,0,0
Cader der thatta kora hoise?,0,0,0,0,0,0
Sadhon,0,0,0,0,0,0
 Khan ki obostha? :D,0,0,0,0,0,0
vai ... Binodon nen!! ,0,0,0,0,0,0
kothin akta post at least bcs system k bash deoar moto akta bash..ae bcs system tai batil kore deoa ucit...engr hoa jai police r doctor hoa jai magistrate...angul fule kola gach howar moto bepar...eta Kora ucit subjective kichu,1,0,0,0,0,0
Vai mon thika boltesi shei lagse lekha ta,0,0,0,0,0,0
 tr jnno ak balti afsos,1,0,0,0,0,0
 ki korlaaaaa miaaaa,0,0,0,0,0,0
 Eita ki chilo?????,0,0,0,0,0,0
 ki valo likhsis vai???,0,0,0,0,0,0
eida ki chilo xD,0,0,0,0,0,0
 tumi ar bia korte parla na...,1,0,0,0,0,0
Ore kahini...... Fb e ID remove koira bia korte jamu,0,0,0,0,0,0
Golpota chole. Kintu vai tar boyos bollen 62. R sonsar korse 41. Abar biya hoise 15.16 bosore taile kono mil to pailam na,0,0,0,0,0,0
Bhai ki bolbo bhasa harai pelci,1,0,0,0,0,0
amon akkhan biya ami o korte chai ????????,0,0,0,0,0,0
Hoite pare kintu! ??,0,0,0,0,0,0
Orey shushu re??,0,0,0,0,0,0
xoss,0,0,0,0,0,0
  valo kicu korte khoma sundor na holeo chole??,0,0,0,0,0,0
valo silo,0,0,0,0,0,0
0Vai haste haste sesh.,0,0,0,0,0,0
 amar eirokom ekta ram chagol chai! ??????,1,0,0,0,0,0
 pore dakh. Hahahahaaa,0,0,0,0,0,0
 ota foria dekho je funny,0,0,0,0,0,0
Esfar Tahmid Milon por valo lagbe,0,0,0,0,0,0
Balo hoichy,0,0,0,0,0,0
 ami ar amar jamai,0,0,0,0,0,0
 sule thik same dst????,0,0,0,0,0,0
 beparta dekho... ??????,0,0,0,0,0,0
 Haste haste moris na amr ??,0,0,0,0,0,0
baaler voxod er golpo ??,1,1,0,0,1,0
 por eida togo vaggeo jno emon iii poree??????,0,0,0,0,0,0
 amra kintu onk vodro pap jeno na hoy amdr dara ??,1,0,0,0,0,0
 dekhen r bhaben bhabi emon hoile kamon hoito...????,0,0,0,0,0,0
Jannatul Arpi TA aita por ar poira ko kaar loge mile ????????,0,0,0,0,0,0
 moja pabi,0,0,0,0,0,0
How amazingly people can be brainless in this era eta vebei amr kosto hocche!!!,1,0,0,0,0,0
" shono,  vuleo eigula korbana ??",0,0,0,0,0,0
ahare bechara,1,0,0,0,0,0
Ananto Ahad tor bou emon hobe,0,0,0,0,0,0
 Eishob Ki porlam ami Bechara to onek koshte ache ???????????????????????????????? Erokom hole ki cholbe,0,0,0,0,0,0
 tomar kopal e kharabi ase!!??????  ,0,0,0,0,0,0
Oshadharon ??,0,0,0,0,0,0
apu dekho??,0,0,0,0,0,0
"Nam ""Pagoler heda mohajon"" dis, arekta hole.",1,0,0,0,0,0
haha...mojar silo,0,0,0,0,0,0
vai amader  barite akta onustan ace apnaDer dawhat roilo.......london take amar vai asece,0,0,0,0,0,0
Bangladesh hoile apnarai age galita diten??,1,0,0,0,0,0
aita ki banano golpo na reality ?,0,0,0,0,0,0
channi ar lokjon onek manobik,0,0,0,0,0,0
 hasa ni?,0,0,0,0,0,0
Khub valo,0,0,0,0,0,0
 ei page ta follow kor.,0,0,0,0,0,0
Nostalgic hoye gelam.,0,0,0,0,0,0
upopadyo 23.  Jur sale za ase  bejur sale ta asena,1,0,0,0,0,0
School life e fira gelam....??,0,0,0,0,0,0
 Class 6 -10 katiye diyechi,0,0,0,0,0,0
bou amr jutishi na holei holo...????,0,0,0,0,0,0
writer id ta jana thakle janaben plz,0,0,0,0,0,0
" tor bukher majhe til ase,character less ??????",1,0,0,0,1,0
Pearl Drops f Dekho toh til kothay kothay ache,0,0,0,0,0,0
Darrrruunnn ????????????????????????,0,0,0,0,0,0
 tor student tor loge emn kore na to? xD,0,0,0,0,0,0
lame bt best   hasanor jonno lame ei valo ??,0,0,0,0,0,0
Ei post ta extreme noise er standard er sathe gelo na...,0,0,0,0,0,0
Erkm kn hoy? ????,0,0,0,0,0,0
Onoboddho,0,0,0,0,0,0
Onek valo silo likhata ??????,0,0,0,0,0,0
Por eita..shundor ,0,0,0,0,0,0
ami toh kicchoi bojtase nah,0,0,0,0,0,0
haha.. ki din ailore..,1,0,0,0,0,0
Abal bangali bole kotha,1,0,0,0,1,0
Moja pailam??????,0,0,0,0,0,0
osthir sundor..lekha..,0,0,0,0,0,0
Sundor :),0,0,0,0,0,0
Chorom binodon!!!!????????????????,0,0,0,0,0,0
josh chilo ??????,0,0,0,0,0,0
Hahahahaha plastic er chulkani hat ??????????,1,0,0,0,0,0
vlobasa amn hole.. chokhe jol chole ase :'( :p,0,0,0,0,0,0
"Darun, osadharon golpo",0,0,0,0,0,0
Valo chilo ??,0,0,0,0,0,0
Hasbo na kadbo na phone dure kothaw chure fele dibo vebe passina.   Anyway we want justice!,0,0,0,0,0,0
Duniyai kicu holei victim blame beshi hoi...cele hok ba mey.... :(,1,0,0,0,0,0
Just wow cilo likata????????,0,0,0,0,0,0
vai kotha sotto.???,0,0,0,0,0,0
Amiooooo,0,0,0,0,0,0
"Cheater meye somajey komna...Meye boley maf kore dewar kisu nai..cheater is only cheater it has no gender??
",0,0,0,0,0,0
Are kisu din por shob university eie rokom hobe......,0,0,0,0,0,0
haste haste more gesi,0,0,0,0,0,0
Valo lagche.... Dagaye den...,0,0,0,0,0,0
Atai bangladesh.akhane mohan chetona bastobayon kora hoyesa.Ar ki chai.,0,0,0,0,0,0
Ei ek story puro sob jay gay.... Writer to robi thakur hye jacce,0,0,0,0,0,0
Onk onk vlo laglo,0,0,0,0,0,0
O Allah amr kolijai laglo!!!,0,0,0,0,0,0
Cls 5a Ami English e 92 paisilam...,0,0,0,0,0,0
Taokey tokiey kao suki soy na,0,0,0,0,0,0
Top fan na but 14 theke achi.,0,0,0,0,0,0
Ha valou hoi,0,0,0,0,0,0
Darun....onnno jogote cole gelan.. ??,0,0,0,0,0,0
hmmmmmm eta e baba,0,0,0,0,0,0
Dada Hoi picci tar   eXtReMe NoIsE,0,0,0,0,0,0
" bhai, dekhen to bepar ta!!",0,0,0,0,0,0
bastobota theke jokhon golpo uthe ase sey golpe onno rokom ekta feeling kaj kore ja prokash korar vasha thakena... ??,0,0,0,0,0,0
Khub Mon choya golpo... Chomotkar ekta movie kora jabe...,0,0,0,0,0,0
Khub vall lagse...poro tmro valo lagbe Sanghoti ,0,0,0,0,0,0
poira dkis....,0,0,0,0,0,0
Valo manusher likha valoi hoy..????,0,0,0,0,0,0
"Bah, valo lagche!! bapar ta atae...??",0,0,0,0,0,0
Prothom 2 para porei bujhte parsi this is mighty mustain,0,0,0,0,0,0
Golper finishing ta shurutai bujhe gasilam,0,0,0,0,0,0
extreme thrills er taste pelam!!!,0,0,0,0,0,0
60% copy kora??????,0,0,0,0,0,0
Ei A plus er shohor e 2 koti bekaar,1,0,0,0,0,0
"Majhe modhe apni kishu dordanto ktha bolen ,,,ar jnnoi apnek amr vlolage ??????",0,0,0,0,0,0
Hahahaha ekdom.youtoub ar scandal cahra tmio bekar ??,1,0,0,0,0,0
Manush atoh faltu kno hoi..normal aktah post ato baje cmnt kore ki buija...nh dekhle parle ignore krte proh..hudaw pagoler motoh aisha baje cmnt krbo,1,0,0,0,0,0
Salman muktadir 1st youtuber... Salman k mon theke janai respect?? Salman muktadir tmi tmr moto agiye jao notun kichu dekhao amra tmke support kori,0,0,0,0,0,0
tumi to bekar na vaya onk kam kaj tomar,0,0,0,0,0,0
vai apnr (motivetional) video dekhar por ami eishob xm ar study nia tenson kori na . Ektai dream bodybuilding,0,0,0,0,0,0
Muslim Vaiti manush ke motivate korte giye bash kheye ekhon demotivate korar poth beche niyechen. Kew Ameen na bole jaben na ??,1,0,0,0,0,1
Thik bolsos vai..Love and respect from ,0,0,0,0,0,0
oi 2 crore bekar er uchit jessica'r sathe tumar moto porn toire kora. tumi A+ paile bolio. desh ekta educated porn star dekhte chayyy.,1,0,1,0,0,0
Paser basar aunt wants to know your location ????,0,0,0,0,0,0
"A+ k akdom valueless mone korata bokami coz creativity, abilities, skills,moral values,  agula shob education ar maddhome o orjon hoy",0,0,0,0,0,0
Apni nije toh ekta college dropout lmao A+ pawar khushi ki bujhben?,1,0,0,0,1,0
Ai baba buke ai... ,0,0,0,0,0,0
As salamualaikum salman vai ...ur legend ...plz abar YouTube e.  Videos upload koro vai.....dese onk abal YouTuber.  Asce tmi jawar por    plz vai aso abar ????????,1,0,0,0,1,0
"Bujsi Jashia nai 1.31 min o nai,akha coltase motivational kotha batra boila tk income er danda kortesa polada??",0,0,0,0,0,0
“aapnar jodi 1 koti bhokto thake tader moddhe Ami onnotomi...” and more,0,0,0,0,0,0
Tahole ki manus higher educated hobe na!!!?.,0,0,0,0,0,0
 eto porashuna kore kono luv nei graduation complete kora chele meye 10/12k er job kore...even eto kom salary teo oneke job e pacche na...,0,0,0,0,0,0
Ki khali senti status dao! Emnitei bhallagena,1,0,0,0,0,0
. A plus  eta faultu,0,0,0,0,0,0
. Saala nije ki koros oyta Dak .,1,1,0,0,1,0
Hi sonaymal muqtadir... Kamon aso ekta gf vaw kore dew na... Khali kiss kormu r kichu na.. Biswas...,1,0,1,0,0,0
Shobar modhhe jodi ego thake tahole bekar thakbena keno bro ? ??  Kono kaj e choto na ?? ey gaan shobai re daan tailei ar 2 koti bekaar thakbena,0,0,0,0,0,0
"Govt. oder ke area 51 ee pathabe ig,prolly to invade ??",0,0,0,0,0,0
Tmr kisu kaam koektare vaag koiraa dilei paro BekaRotto kombo ektu holeo,0,0,0,0,0,0
 Bhai tumi bekar  :-) are nahole bhai tumi kache ashonuh pant tah khulo nuh,1,0,0,0,0,0
Aj theke 20year agae to kono 10year old er meye rape hoito naa. Karon tokhon shob may modesty maintain korto ! dress rape hoar jonno indirectly reason . Apni too ekta murkho taai eygula bhujben naa . Ar apnar jara follower taraw murkho ! Kono bhalo Imander r Smart manush apnake support korbe naa . Karon tara jane apni eyshob kotah bolee meyeder k half-naked banaite chaan ! ?? . Bhai just eytukui bolbo only Islamic Rules can stop the rape !,1,0,1,0,0,0
pornfish tumar moke aisob kotha manai nh.tumi jarokom baikka tumar kotha gola tumr moto bikka.by the way ato kotha nh bhole akta kotha bholbw only the Islamic rules can stop the rape.Rape korla shobar samne ghola khata hok.,1,0,1,0,1,0
"Hey guys tomra j Jessy Jessy boltiso kno boloto . ager nijer pachay gu mucho tarpor onner nm a bolte ASO .  r akhane salman onno kth bolse so plz .. Murkho ,kamla kothakar",1,1,0,0,0,0
". ami akta suggestion dite pari, apnara jeheto bd er nami dami celebrity apnara jodi ai bpr a noise koren tahole saita onk loud hobe, apnara sorkar k bolen, ""sorkar bd te sex free kore den"" muslim country howar por o j jei rokom khushi dress porte pare tahole sex free kora hole mohabharot osuddo hobe na. tahole hoito ba ai pap kicu ta holeo kome jabe. tokhon kew dud dekhe uttejito hoiye hoito rape korbe na.r bisar er kotha vole jan, karon j desh a dhorson er pokkhe lawyer pawoa jay sei desh a at least bisar asa kora jay na. This is my opinion. ??",1,1,1,0,0,1
Kichu ajob Bangali cmnt dekhlam?? Jata eikhne negative kotha gula bolchen... Tader moto mentality manush gulay main karon... Cz tara social Media tei bok bok korte pare...shmne shahosh nai...takay..thake... Aj jodi opn e kawak kubano..hoy takie thakben apnra.   Se kharap hok ba valo hok... Se to tar joto tuko shamortho ache poritibad korche Amra pashe darate pari na....?? Culaki amdr khub... Molom lagan??,1,0,0,0,0,1
bro tomi 1 minutes 22 sec er video te viral hoye jessia apure tu sesh korso..abar rape niye post o daw.. Hahaha what a humanity.,1,0,1,0,0,0
"right,,,,,, amaro same question..... chelera mone kore meyera choto choto kapor pore bole rape hoy kintu bastob e borka pora, choto baby, porda kora mohila, bura mohilarao rape hoy er karon ki,,, karon holo somaj e etoe janoyar der moto dekhte purush hoye gese jara khub nilojjo ar behaya????????",1,0,1,0,0,0
Lol eita Bangladesh ekhane rape korbe eitai niyom amra just comment and post e korte parbo kono step nite parbo na or neoar try korbo na. Lol amra just rape houa dekhbo atkabo na Lol,1,0,1,0,0,1
Jeshob meyera baje dress pore nijeder show off kore tara nijerai nijeder bilaye dey onno rich people er kase and jeshob chesra chotolok public ase tara haat er nagale jader paye tader rape kore.,1,0,1,0,0,0
Vaya manush jai boluk tmr fan asi always takbo jai hoye jak...ar tmr moto ei rokom bable ei deshe ar rape hoito na...love and respect my bro??,0,0,0,0,0,0
Hmmm ..vai ....eta akhn desh k gras kore feleche Kichu ekta krte hobe ...?? eisb dhorker ki ma meye bon nai ...?? manus kmne esb krte pare ..omanus gula sob .,0,0,0,0,0,0
"Bhai,amar mone hoy e deshe porn dekha halal kore dek !! Ontoto jate porn deikha uttejona shesh korte pare !!! Jate meye gula rehaai pay !!",1,0,1,0,0,0
Manlam Salman kharap but apnara j gali dicchen apnara ki dudhe dewa tulsi pata? Ekbar inbox er chatlist dekhle bola jaito k kotota valo..unak attention dicchen kn ignore koren na taholei to hoy..gali diye pobitro hoitese ekek jon.??,1,0,0,0,0,0
elakar kichu chamar pati youthuber ache jader Channel e 100 ta subscriber (suscriber) er moddhe 50 ta nijeder gmail id diye subscribe kora. Tara abar ashe Salman Mohammad Muqtadir ke nia troll korte. Shala chamar ??,1,0,0,0,1,0
"Aita hocche amdr shomaj .... J kono vhalo kotha bolbe tar pichone khaye na khaye poire jabe ... Are Salman ja korse ta toh fact na the thing is o ja boltese ta thik , sheta k appreciate na koire Jessica maraitese .... Now tell me something o ki Jessica k rape korse ?? Though I don't like Salman but in this case I really appreciate him ....",1,0,1,0,0,1
Bangladesher 1 no porn star hlo salman..hete abr advice de.. mon theke vlobastam jei din sunchi jessia er putki te mukh diche sei din theke hate kori baldare..,1,0,1,0,1,0
VAIA R8 bolso je jai boluk  tmi r8 shala murkhor bachcha ra ki bujhbe tmi ki likhso. R ora je necket vdo dekhe oita kichuna. R tmi iktu halka patla vdo bnaia ei obostha,1,1,0,0,1,0
   Facebook e boshei shomaaj kollaan marao tomra. Lol,1,0,0,0,0,0
Rapist  ar tomar  mohde difference hoise tomi valovasha  dekiye koro tarpor kheye  chere dao  ?? Uff salman ki je joss ??,1,0,0,0,1,0
But jodi oi meye gula bole dito je ke private parts niye kotha boltesilo oder moddhe koyekjon mile shei meye ke group kore rape korto je salman muqtadir er kase amader insult korse that's why... Nijeke bachanor jonno meye ra eshob dekheo silent thake...eta chara aar korar kisu nai o????,0,0,0,0,0,0
Ami apnar page r niyomito follower noi..Sudhu ekta jinis e mon e hoi apnak deke j apni vul deshe jonmechen! Aajker ei post ta r jnno onek respect...look the comments even such kind of posts!   Such a shame here!,0,0,0,0,0,0
Tmi vaiya tmr video te bolte parba mama  orange colour jama pora meye tar back (pacha) dekh nah!!!! R school er chele ra ektu boro boro bolse deikha tmi ekdm buija gco rape hoy keno ??,1,0,1,0,0,0
Irrelevant comment kore ki prove korte chacche tarai jane.. Salman er onk action e pochondo na. Tobe ei video te bangladesh er sobcheye boro sotti ta tule dhorse. Ar beshi kichu korte hobe na. ei video er comment dekhlei enough bangladesh er manush eto achoda keno bujha jabe. #rip_bangladesh,1,0,0,0,0,1
Kotha gulo full logic chilo and bastobbadi kotha but jati hisebe amra banggali amra kisui bujar try na kore past Niye pore thaki se jnno Vai tomar kotha sobar mathai dukbe na,0,0,0,0,0,0
150 Ta  k khaisilo bhai?,0,0,0,0,0,0
comment section ey nah ashle bujhtey Partam nah Bangladesh ey ettwwwwww gulo illiterate people ache?? (For those) Etah toh tmdr pochonddo hobe nah?? salman jessia'r kothay kothay touch korchilo ar oigula niye koto gulo troll ber hoichilw just oiguloy pochonddo hobe ?? And 68% kamla here this comment section??,1,0,0,0,1,0
"Dud dekha gele to bolboi dud dekha jay. nije age thik how bujco balpakna, r dud dekhaile bedroom e dekhaite boilo rasta ghate na. cholo usa er style a r rape hoile din ses a bisar sao saudi style a tai na.",1,1,1,0,1,0
"Public je kmn ta bujha jay karo comments deklei, kichu bujhuk ba na bujhuk faw ajaira kichu kotha batra bolai lagbe, vdo tay ki niye kotha bolice r cmnt a ki boltice public, hayre jonota upsos kuttar lej jindigiteo soja hobe na",1,0,0,0,0,0
Shala rape niya toh kono motivational video banas nai banaichos 18+ video ar ekhn assho boyan dite . Valo kichu video baniye parle young der kichu sikhan nahole ei vondami gula bad den . Lojja howa uchit,1,0,0,0,0,0
aro koyekta kamla ekhon abar eirokom ekta post eo haha react ditesey :3 bhai you can't  spell Bangladesh without kamla :3,1,0,0,0,1,0
I think ei bepar ta ektu jana dorkar j meye gula keno chup chilo.. because ora protest korlo chilla falla korlo whatever it is..the boys will definitely harm the girls afterwards..ora hoytw bhoye chup chilo cz amio emon onek scenes dkhsi meye gula chup chaap just Toller kore gese just to save their security..tara ekhon chilla falla korle pore chele gula meye gula k harm korto you never know..meye der k proper security deya hok.. voice kivabe raise hoy tokhon hoyto dekhba,0,0,0,0,0,0
"Tor moto lucha tahle rap too hobai,jar luchhami video kora film banaia YouTube prochar koros...to muke asob nithii kotha manaina.....!!!",1,1,1,0,0,0
"2min 50sec ar akta video dekcelm. Jessia apur sate, toh vaiya oita ki rape cilo naki ovodro prem ????",1,0,1,0,0,0
"Beshir bhaag manush Jahannam e jabe keno janen ?  Manusher mukher bashar jonno !  Jibone joto bhalo kaaj kore soab kamaisen apnara shob ei comment box e gali dewar jonno shob ay ""Salman Muktadir"" er paate gia jombe !  Tai bhaiera dowa kore gali dia nijer kobor nije khodai koiren na !",0,0,0,0,0,0
Bhoot er mukhe ram ram... ,1,0,0,0,0,0
"Amar pasher bashar bhai ra tader bondhuder niye Amar bashay ghurte ashchhilo. tara ottonto bhalo manush, kokhono kharap kaaj Kore na.  amra golpo kortesi, er moddhei kotha theke jeno akta hegab pora meye eshey oderke prosroy diye dilo ar Tara amake rape Kora shuru korlo. oidin er koshto Ami akhono bhulinai. ajke abar amra chaa er dokane adda dicchhilam tokhon arek hegab pora meye tader ke porosroy dite ashchhe tokhon ami take ei video ta dekhaisi ar shey shathe shathe bhalo hoye gese ar Amar pasher bashar bhai rao bhalo hoye gese. apnar jonno ajke amar jibon beche gese bhai. apnake onek dhonnobaad",0,0,1,0,0,0
Jara offensive commnts kortesen.! Ase pashe ki hocche na hocche esob na vebe!    asole apnder uchit gun diye nijer mathay rekhe trigge pull kora!    JOTTOSOB!   kichu bolte na paren atlst offensive kotha bole nijera na gu khan etar prove diyen na!!!    !   Point hocche issue ta ki niye!  Is it worthy or not!!!    Bloodly!!,1,0,0,0,0,0
. oi video ta te kharap kichui silona. hudai eto jhamela korse...,0,0,0,0,0,0
??  mane seriously????......kicu manuser oke karap lage that's ok...but ajker topic tate aisob lame comment kivabe kora jay??????,0,0,0,0,0,0
 But ekhane egula bole lab nai. 99% manush e faltu comment kore chole jabe tmi ki bolla or bujhaite chaila eta Kew dekhbe na  Eta asholei Bangladesh bro!  I'm a girl & & amar kharap lagtse j Ami Bangladesh e jonmaisi??,0,0,0,0,0,1
Apnr moto jara nas gan kore video upload dey..r apndr jownota vora nas gan gola dake manush ra ai karap kaje lipto hy..,0,0,0,0,0,0
BAINCHOD,1,1,0,0,1,0
BOKAC**DA,1,1,0,0,0,0
Ajk khala dakha Jotona Kosto payachelam ai post ar coment gula Amar Sob Kosto Dhuya Dca.Salman tor moto abal Jano Bangladesh Cup nawar Ag porjonto bacha thaka Amin????????,1,1,0,0,1,0
 comments arokom abal Manuser ovab nai jara kicu lekte paruk r na paruk love and respect from bollam na ajob khota koy banggali I mean akta khota bujuk r na bujuk love and respect Birok to keu jodi kicu bolte cau amar khota ta vaiba boila jayo naki tomi o love and respect ????,1,0,0,0,0,0
Amar shathe shojashoji na kothai bole amar bepar e kotha bole'.,0,0,0,0,0,0
Salman vai friendly ekta ktha bolte chai. Apnk niye miyedr ato chukaney kenu janen. Bcz apnk sobai kace pite chai sobao jealous r ty ato chukany uthca  jar jonno control  na pere sobai kisu na kisu bolei jacca jenu tader sukh ta at list mete.. Bro u r the legend.  Worldwide legendary boy????????????Luv u...,1,0,0,0,0,0
Bhai tumi toh dekhi star plus er naika. ghorer bhitore sheje guje ghum jaw. Oh! abar juta pore o ghumaw.,0,0,0,0,0,0
No problem vaiya... Ami tmke akta suggestion dei tmi sanju hindi movie ta akbar valo Kore dekben..  Manus ar kharp time jai???? abr valo time o ashe ??????so tmi just ignore koro dekba tmke niye jara kharp kotha legse tara tmke niye abr valo kotha legbe..,0,0,0,0,0,0
 Experience ache bolei right hobe emon kono kotha nei,0,0,0,0,0,0
"Bhai, Bangladesh eh parents der upor diye kichu bollei beyadobi hoye Jai. My mom always tells me ,“Manush er shamne baba ma ke choto korte hoyna”  where as shey nijei amader manush er shamne embarrass kore. Mane nije jeita korbe shetai thik. My mom believes in “Manush ki bolbe..” and also has the attitude of “Manush er shathe tomar jorana” ...... Jai toh koi Jai ami ??",0,0,0,0,0,0
tmr kace amr English prvt prte hbe??,0,0,0,0,0,0
"Manuser gala gali khawar voye,, ekon bangla post na kore,, english a post kortcee    :-D tmi ki mone koro manus kicu bujenah !! ",0,0,0,0,0,0
Baba ma k bujano jay na asob.. Tara boro..r boroboroder kotha sunte hoy..baba ma k kosto dile pap hobe..etc.. Agular jonnoi keu right tao akon bole na..,0,0,0,0,0,0
 Jani j..  haters ra.. taw.. Haha dibe...??????..,1,0,0,0,0,0
"Vai kisu bujhlm na  Apnader prblm ki  Salman Mohammad Muqtadir er obhodro prem release korer por kotto kisu bollen...  Bangladesh e kotto kharap kharap video song ,movie release hoy  Oi gula ki apndr chok e pore na??????",1,0,0,0,0,0
"Haters go codone baca jaccena,  r a atoi jokhon jole boss re jokhon tolerate korte paros na tahole bos ar page asos kn??hoga mara dibar jonne?jottosob abaler team  Boss is boss??",1,1,1,0,1,0
"  are parents der sthe onnoder compare korben,omuker baba ata pare,omuker ma ota pare,omukra to kotipoti,tomar bondhu to america thake,omuker 10ta flat.  Equal-Equal",0,0,0,0,0,0
bhaiya. tmi ekmatro j amadr moto koste thaka kisor dr bepar a kota bolo jara poti din bullying er sikr hoi #thank_u,0,0,0,0,0,0
"""Jeidin baccha hobe sheidin bujhba parenting ki""-??",0,0,0,0,0,0
Atodin a akta juktiwala ktha sunlam tar theke??,0,0,0,0,0,0
"HSC pass korte 22 bar  xm diya,,aber English marai,,,falto,",1,0,0,0,1,0
Always keno majhraat a apnr bigar uthe ???,1,1,0,0,1,0
Bhai ami ekta kotha koi Shankar bus stand er picher goli te van niya boshe bhai matro 20 tk egula kan huday tk khoroch koren oi tk diya meye potaite parben Toh,0,0,0,0,0,0
Ghumao na keno broh? ghumao jao.,0,0,0,0,0,0
Vaiya Chattgram theke Dhaka ashche Akta wish niye seta holo apnr sathe dekha... Please vai aktu bollen nah Apnr sathe kothay dekha hbbe? And believe me ami apnr video tkhn theke dekhi jkhn theke apni video make koren! Vai Please vaiva Deikkhen!,0,0,0,0,0,0
"vai nude video thukku new video joldi char, jate amra aro moja nite pari r ha ha react dite pari?????? (lope u jessia????) lope from Uganda",1,0,1,0,0,0
Er jonnoi ami apnr post e comment korina ..cz ato comment porte porte r haha react dite dite phn e charge ses hoye jay. ...jiboner jhuki nia charge diyew Ami apnr post dekhi ...sudhu haha react dibo bole ??????????,0,0,0,0,0,0
2 Jon eksate Liton er plate gele dus Na.laganir por saira gele seleder dus.val tokon lagaite dew keno . comment E. Paltu meyeder comment dekle mon Chao.??????????,1,0,1,0,0,0
Bangali r jai hok 1971 er muktijudho er kta vule geleo tmr kta kintu kkhno vulte parbena ato mohan salman????,1,0,0,0,0,1
Hawker market ee available koita lagbe 150 taka kore ?,0,0,0,0,0,0
Toke diye jodi T-shirt r modeling kore sei T-shirt ki cholbe.....???,0,0,0,0,0,0
Bai plzz new video den,0,0,0,0,0,0
Tmr baal a ami agun lagiye dsilam Vaya ????,1,1,0,0,0,0
 juliye rakhbo na sathe sathei acpt hobe??,0,0,0,0,0,0
Jara Galagali kortechen Tra nijer Tao Aktu Vabe dakhun??,0,0,0,0,0,0
New Market e pawa jai 200tk dia er theke bhalo quality??,0,0,0,0,0,0
Dekho faltumi chere dao  Valo hoye jao  Ar hea ai t-shirt ?? jassia k dao or jama kapor ar ovab or upokar hobe ...,0,0,0,0,0,0
Price of these tees?M size available? Vaiya tmr post er comment gula na dekhle bojhaay jaay na je Bangladesher oligolite jotto sob bosti ar 3rd class polapan ekhono ache..Odeer ektai dukkho ora tmr porjaye kokhono reach korte parbe na??And you have enough humor & great mentality to handle these shits?? Love you?,1,0,0,0,0,0
01867417276..ata amr number..20 tk recharge kre dao tw??,0,0,0,0,0,0
"Ato kisu korar ki drkr bonani footpat a van garite niya boslei paros, baicha lon khali 100",0,0,0,0,0,0
ki ekta obosta.tmder asholei kam kaj nai eisob comment koira j ki moja pao tmra allah e jane ekta mnusher piche emne porar kono manei nai tmdr deklee to mone hoy morar ag porjonto o jdi salman post dei tmra eisob faul comment korva.kaore like na korle mnush aro oi jinish ignore kore bt tmra to pichei poira acho. Nothing to say??,0,0,0,0,0,0
Jessikar huga cato.Judi akta pad marto tokhon ki hoito ami tw atai vebe pai na..,1,1,1,0,1,0
80 taka goosebumps from ODC (Opposite of Dhaka College) market,0,0,0,0,0,0
Tahmina Achal vaiii kalke theke amr choke shudhu ekhn oitay vashtese. :v,0,0,0,0,0,0
Video banano bad diya akhn ganjjir bebssa dorsso kn??,1,1,0,0,0,0
Chaad Dekha committee may be tomake dekhei Eid confirm korse ??,0,0,0,0,0,0
"ai j amake dekhe??...ami jantam,amar post dekhar por j tmih post korba amake niye...lukaiya lukaiya stalk koro na?eto valobasha lukaia raikha lav ki bollei paro???? Btw Eid mubarak",0,0,0,0,0,0
Amr tmr hair style akdom pochondo na ??tumr hair deke  1st vbsilm tumi amr dada vai ??trpor deki tumi soloman ??muqta,1,0,0,0,0,0
"Hoteo pare, Kalker chadta o matchstick er moto shukna chilo, Plus just kichukkhoner jonno esechilo.. ",0,0,0,0,0,0
Bahire ki salman ber htee parena???????????? jessia ki akhono gate a et niye daray ase?,0,0,0,0,0,0
abal marka ?,1,0,0,0,0,0
bainc**d,1,1,0,0,1,0
sara boschor panjabir add kore last pojjontho Jakat er panjabi diye Eid korla???,0,0,0,0,0,0
Baire gele to manus juta pita korbe accha basae pic tule ei up dei ??????,0,0,0,0,0,0
Tumi r jesssica naki ek ei background ea pic tulco? Meme ea deklam!! Confirm korte tmader wall ea aslam! Paro o baap natok korte!,0,0,0,0,0,0
 vai ami tmr page following dia rakchi sudu comment gula porar jonno.. Tmio poiro vai ??,0,0,0,0,0,0
Ami e ak matro manus? J ai abal er abal marka post er comment dekhe binodon newar jonno ai page a like dya rakhsi? ??,1,0,0,0,1,0
 jokhon AIUB er perform dekhchilam thokhon theke . ?????,0,0,0,0,0,0
"Sobai roja ache, jar jonno ei prothom tomar post er commente keu gali dicche na!!! ????",1,0,0,0,0,0
  Hoo..ovodro prem to comedy chilo:-),0,0,0,0,0,0
Salman vi amr kase apnr banano porn video ovodro prem ache......????viral kore debo?,1,0,1,0,0,0
Onno Keo Shuntesi Bro Onk Xoss. But Offline Download Hosse na??,0,0,0,0,0,0
 (onno keo.)..??????..mone dhorce song ta akdomm.... Amar moto tomai ato valobashbe ke bolo??????,0,0,0,0,0,0
Krittim Upohar Dibe Ki shopne!?kokhono Ki Icche kore Jete Oronne!?Amar sathe Adhar rate ekaki Hat dhore!!?(ei part ta best Lagche amar kache????????),0,0,0,0,0,0
"tor jiboner shob cheye boro vul hoise erokom baal saal gaan release kora, wanna be jotto shob tora, tora shob gulai same, ektu fame pailei nijeder k mon a koros Leonardo Di Caprio ar George Michael, jotto shob baal saal ??????",1,1,0,0,1,0
"Bro Tahsin bhaia abar ata nieo na shuru koren.... Jai hok,I will always support you! EID MUBARAK! ??",0,0,0,0,0,0
"namaj ta poira ashi,tarpor gali dimu",1,0,0,0,0,0
Aro veshi veshi video aplode koren  inshalla apnar Subscribe bere jabe ami duya kori baiya apnei best you tuber,0,0,0,0,0,0
Tora amakei boycott korte paros nai arong ke Ki boycott Korbi.,0,0,0,0,0,0
"Oneker comment e onek like asche ... Amare keu like, love diben ektu please ....",0,0,0,0,0,0
" Ei jara boycott boycott kortese, aarong jdi 30% sale dey shbar age orai jabe.",0,0,0,0,0,0
"Salman bhai,amar kache khobor ache. Tomar DOHS er bashay, jeta Avenue 1 er 149 number house, oikhane naki eid er din duita nengtu meye pregnant hoye dhuke bolbe tmi oder baba ??.  Ektu shabdhane theko bhaia.  Love you ?",0,0,0,0,0,0
"Nijer sathe arong k tulona koro? Arong o brand arong theke sobai kena kata kore,Tumi o ki brand?tomake o ki sobai kine??",0,0,0,0,0,0
Autistic der upor doya Kore keu boycott Kore nah! Kintu ekhn tomr sobai khilli uraabe ??,1,0,0,0,0,0
R ek madarchod ??????...tor j follower komsilo vhuila gesos shala maiakhor...,1,1,0,0,1,0
Tomare boykot korle moja pabe manush kmne.  Binodon er jnno raikha dise jonogon bojhonai baperta ??,0,0,0,0,0,0
Gaan ta sunsi Eng subtitle dia Valoi lage,0,0,0,0,0,0
Akhon o khelte ichaa kore,0,0,0,0,0,0
Ai games khalar jonno mar hate onek mar kaise,0,0,0,0,0,0
Koto ha mar hate mar khaysi AI game kate Gia...,0,0,0,0,0,0
1 coin dia game over korte partam amra 2 ta bondu. Ki din silo. Amader game er dokane dukte dito na bolto amader jonno onno ra chance paye na khelar ??,0,0,0,0,0,0
Amar shob friend ra games er dokane khelle o ami kokhono games er dokane khelinai  ami sobsomoy amar computer ai kheltam ai games er kotha kokhono vulbo na ??,0,0,0,0,0,0
"Coin thakle r kono kothai chilio nah, suja chole jetam games er dokane.......",0,0,0,0,0,0
"Koto khelcima....??  Khub miss kori,,, akn ar aisob game sob jaigai dekha jaina..kicudin pore ta o thakbe na??",0,0,0,0,0,0
game ta onk valo lagto...khelte. onk dure akta dukan a giye kheltam....??,0,0,0,0,0,0
Akhon o khelte ichaa kore,0,0,0,0,0,0
Kto class j miss krsi atar jnno.,0,0,0,0,0,0
Orey kotto mair khaichi ei game er jonno ??,0,0,0,0,0,0
Onk moja chilo re,0,0,0,0,0,0
AshIk Ibai mama col kalkei abar khelum..,0,0,0,0,0,0
1 conin a game see kortam ses dike....,0,0,0,0,0,0
kicu mone pore re??,0,0,0,0,0,0
Age to world cup a ettogulo match hoto na so evabe bola thik hbe na..,0,0,0,0,0,0
Khub sundor.... Inspiration pelam,0,0,0,0,0,0
Kina koreche,0,0,0,0,0,0
Moja pailam...,0,0,0,0,0,0
hmm,0,0,0,0,0,0
Aha ki record ?,1,0,0,0,0,0
Hopper er mrittu ta chara sobb e valo lagchee...i can't take this????,0,0,0,0,0,0
"1st and 2nd season er sathe compare korle this season is bit weak,though I loved it..",0,0,0,0,0,0
Bangla onubad kora boi ter name keu bolban plz.,0,0,0,0,0,0
You tube e dekha jay na,0,0,0,0,0,0
Enader moto manushkai bola hoi mohamanush.ashun emon manoshikata amrao toiri kori.amar salam ebong sroddha roilo mohamanushtir jonno.,0,0,0,0,0,0
Amader deshy amon onek bhalo manush achen jara kono prochar charai desher jonno nivritay nirobay kaj koray Jan. Tader jonno kono media Lagay na .,0,0,0,0,0,0
Ai road tar nam unar name kore din. So ppl will inspire to do good to others,0,0,0,0,0,0
"Gach kete rasta barano valo kaj na..tar cheye e rastar pas die ar ekti rasta banano uchit.. Vanga sojoj, gora kothin",0,0,0,0,0,0
Satti a Saab loke prokito gayani a deer puthigoto bidya nei kintu o nar modhye jaa gayan aache taa aanek bidya dhari der choke angul diye dhekhiye  debe. Salute .,0,0,0,0,0,0
Allah onake behes nosib koruk amin,0,0,0,0,0,0
"Kub valo laglo,allaha unake jannat dan koruk",0,0,0,0,0,0
Siro unnoto momo shir jajakallah khair,0,0,0,0,0,0
Eteo loke haha duyeche.... Erporeo era jante chay j amra keno tader gali debo na...,1,0,0,0,1,0
Surah mulk er sesh ayat tir kotha mone pore gelo??,0,0,0,0,0,0
"Problem kothay? Tader ""go-mutro"" ache na?",1,0,0,0,1,0
Kanglu der k abar bolchi jadi India khete na pai torau na kheye morbi etuku jene rakh emni toder hazar hazar Rohinga ache jegulo toder garam rakter aabhisap goru kheye katobar pregnant Kore dicchis nijera bujhte parchis na tarpar India jau help kare seatau pabina,1,1,0,0,1,1
Beshi beshi IPL Khela.....,1,0,0,0,0,0
Ata indiar paper fol bcz tista barage farakka barage aro choto boro bivinno barrage die nodir savabik probaho bondho korese India jar fole Bangladesher nodigulo sukie gase. R prokitir biporite gale aksomoi prokreti rude hoe uthbei,1,0,0,0,0,0
Haha Voss chagol bangali k abeg beche nomination nia bina vote e MP hoye hoye boshe ase..  Tora khele mor... r khela dekhe mor..:V Voch er kisher hotasha..?!?,1,0,0,0,1,0
Ai team roshid khan koi,0,0,0,0,0,0
"Ekok natok ""eki kando, fuchka bilash, ei borshay, somudro bilash, choitro diner gaan, habolonger bajar, badol diner prothom kodom ful"" onnotom. R dharabahik natok eisob dinratri, kothao kew nei, ure jay bokpokkhi, bohubrihi, nokkhotrer raat"" onnotom.",0,0,0,0,0,0
Eid er din sondha 7 tae channel i..,0,0,0,0,0,0
"Legend director o legend writer,ai rokom nir matha r bangladesh a asbe na.",0,0,0,0,0,0
"ami amar hsc level er suru thekei humayun ahmed er uponnash dhorei boi pora suru koresilam..ek durbar akorson amake tene rakhto....sei theke 90% boi amar kase ase...notun boi, puraton boi er dokan theke boi songro kortam..boi mela er jonno wait kortam kobe asbe.......",0,0,0,0,0,0
Konta kobta bolben,0,0,0,0,0,0
Wow joss ekta natok recent e dekha. Hyse 3rd time...,0,0,0,0,0,0
thanks...chester ke niye likhar jnno Kintu aro likhte parten,0,0,0,0,0,0
Or Gan Shuney English Music shuna shuru...Ekono Shuni... Shune Jabo sarajibon,0,0,0,0,0,0
murkho ra onk kisu bolei troll kore question ta holo next generation er jonno ki rekhe jacci amra,1,0,0,0,1,0
Crime patrol e dekhechhi onl aage,0,0,0,0,0,0
Khub valo lage apnader ai page ta,0,0,0,0,0,0
ora poshu,1,0,0,0,0,0
aborjona somudre fele pani dusito korbe na bolei ato kom manus nia rouna hoecilo tai somudrer pani ato soccho ,0,0,0,0,0,0
"Vaggo khub marattok jinish... Vaggor jonno e aj apni biliioniar..  Onek sohoj sorol manush dekhsi jara akdom choto theke  onek sompod er malik hoise... Jekhane haat dise Shona folse...!  Abar khub challu educated manush o dekhsi, family assets o rokkha korte pare nai.....!! Jai korse dhora khaise...",0,0,0,0,0,0
"Ami manbo na. Inshaallah, Allahor nam niye Amio start korbo nij hate vaggo gorar kaj",0,0,0,0,0,0
Bastob,0,0,0,0,0,0
tar bhagai ta ke bivinna dike niye chalana karese pritiva may bhaga niye janma grahan karese.,0,0,0,0,0,0
Sobhan Allah,0,0,0,0,0,0
onek valo legeche,0,0,0,0,0,0
Emonta na... Tobe mone hoyjeno vibor hoye thaki,0,0,0,0,0,0
Sobi ta osadharon chilo...,0,0,0,0,0,0
Godor bagagor eta kono bangla sobdo noe.  Uchcaron nie tokatuki na kore tottho dea ucit. Erokom sobdo amar moto onekeri jana nei.karon bosoto ami data use korte parsina tai ei grouper vetore ki ase ami janina. Tobe tottho thakle ditam,0,0,0,0,0,0
sotyi bolte ki...ei group er post gulo amr khub valo lage....post gulo sab durdanto..unique. ....information e poripurno...  thank u so much Roar...from an Indian..asa rakhci aro valo valo post pabo...,0,0,0,0,0,0
Koi pailen aisob,0,0,0,0,0,0
"Ekhane ebar kichu lok chole ashbe kono ekta dhormer lokera sobai bhalo, dhowa tulshipata ar bakira sob kafer proman korte...",1,0,0,0,0,1
Japanese oi meye jodi English er kono baal nai bujhe tahle movie ta bujhlo kamne!,1,0,0,0,0,0
Ahare.. .  mobailer vitor jani kottto manus atke pran harachchilo!!!! Tai...,1,0,0,0,0,0
Bah,0,0,0,0,0,0
Onar beton koto?,0,0,0,0,0,0
Ak lak take phon  beton pan koto,0,0,0,0,0,0
"4/5 jon montri,mp morle govt. seriously nibe bole asha kora jai!!!!!",1,0,0,0,0,0
ki koiba kou,0,0,0,0,0,0
United State er neighbour na.bujte hoba,1,0,0,0,0,0
Ha ha ha,0,0,0,0,0,0
"gontai 6 ti bibaho bicched gotse saudi arabe, ei kothata je bolse se holo kukur.",1,1,0,0,1,0
"ghontay 6 ta talak dey jemon, ghontay 6 ta biye o kore halar pu arobra.....",1,1,0,0,1,1
Allah sojjo korar khomota den.Amin.,0,0,0,0,0,0
amra vekar sayly  holam kori musa marey kitha taka rujgar kortham ni eta kinthu amader jonno dukko jonok..,1,0,0,0,0,0
Apni 500 joma den 120tk dibo.,0,0,0,0,0,0
Tamim er uchit notun der ke sujog daoa,0,0,0,0,0,0
dot baba ajke onek run korese dekhi,1,0,0,0,0,0
"Eto olpo somoyer exhibition? Aro ektu beshidin hole valo hoto, jete partam.",0,0,0,0,0,0
Balo oddog,0,0,0,0,0,0
allah tumi jannat nosib karo. Amin,0,0,0,0,0,0
tader atter sorgo prapti hok....,0,0,0,0,0,0
Amin,0,0,0,0,0,0
Ghurte gele polapner hush thake na j ki korbe!,0,0,0,0,0,0
ata impossible corruption,0,0,0,0,0,0
Je jemne paren kheye nen  amara shudo dekbo khichui Bolbo na,1,0,0,0,0,0
Bnp hisu kora dislo mona hoi,1,0,0,0,1,0
Belashe zion obvosto manuser jaill zion kostokor jar protefolon cheaharay futea otea. tarupor sea akjon bridho o oshusto nare bonde zebon kahel to hoben.,0,0,0,0,0,0
madam ke chinar ki drkr,0,0,0,0,0,0
Arshad uncle nai.....takle onake  hoyto  long drive nie jeto,1,0,0,0,0,0
Fuckrul kakoo apni chintey pareychen toh....,1,0,0,0,0,0
Kanglu ra ja abar bas kha6a sai dika karo khail a6a.nagin dance ??,1,0,0,0,1,1
Bonnai tho desh vaisha galo,0,0,0,0,0,0
"Babsa to apni valoi bojan, kinto chamchami apnar manai na.",1,0,0,0,0,0
Churita shish she bolta lojje lage mittha badie,1,0,0,0,1,0
Ai kotha shunte....last 11 years sick & tired hoye giyeche desh er public.,1,0,0,0,0,0
Position ki nijerai banan ?,1,0,0,0,0,0
"R churir vtorew top e ,,",1,0,0,0,0,0
Tai na,0,0,0,0,0,0
Ki vabe korbo bole dile valo hoto,0,0,0,0,0,0
Amr ki korte pari,0,0,0,0,0,0
ASOLAI ODER MOTO BASSA DER KNO KOBOR DITA HOBA . ODER ARO KISER PORICOTO KNO KORTA HOBA. TAR CA AKJON VALO GONI MANUSER SOMPORKA LIKON TAHOLA TADER SOMPORKA MANUSH JANA opoker hota parba,1,1,1,0,1,0
prothom alo apnar news dekhe apnake best reporter er award dite mon chai...keep it up??,1,0,0,0,0,0
ato taka pailo.kotha  theke? mone.hai koti takar asset.Bashai ase,0,0,0,0,0,0
Akjon prodhan bicarpotir aye porinoti  Vabte abak lage,0,0,0,0,0,0
dustoo loktaa gujob coraccha. accha amader boydi kothai Shelter chaibaa???,1,0,0,0,0,0
Ekjon prodhan bicharpotir eirokom  haal hole sadharon Hinduder obostha bojha jai...,1,0,0,0,0,0
Trump er kase Jan dada,0,0,0,0,0,0
Kon channel e khela dekha jay?,0,0,0,0,0,0
Mahmud ulla captan takle balo hoto... tamimer jaygay anamul hok taka usit,0,0,0,0,0,0
Tamim er uchit masrafir poth dora,1,0,0,0,0,0
"Je doler planner rai immatured, se dol theke r ki asha korben....amra ekhono Forhad Reza, Shafiul e pore achi. So asha na kore khela dekhai bondho kore disi",1,0,0,0,0,0
Hala re jibone captain dite chai ni.but ajk khade pore captain paice,1,1,0,0,1,0
Sir sabbir ke captain dete parto,1,0,0,0,0,0
tamim 12 ran tody,0,0,0,0,0,0
Mothertost baler captain,1,1,1,0,1,0
Inna Lillahe Wa Inna Ilahe Razee'un,0,0,0,0,0,0
InshAllah,0,0,0,0,0,0
Allahu Akbar,0,0,0,0,0,0
ho,0,0,0,0,0,0
tnx,0,0,0,0,0,0
Sabbir ke 3 number position dekte chai,0,0,0,0,0,0
Khela suru koi tai???,0,0,0,0,0,0
Santo vai super star boller,0,0,0,0,0,0
Je Kno Somoy Marattok Bcz Kamor dele Rehai 9,0,0,0,0,0,0
Aedes mosha gula 'World War Z' movie taar zombie gular moto virus chorachche... difference gula hoilo mosha gular chorano dengue virus æ infected victim er theke onno keo infected hochche na... shudhu mosha gulai disease chorachche,0,0,0,0,0,0
Ato kosto manuser r dekhte essa kre na,0,0,0,0,0,0
Ki pas lage,0,0,0,0,0,0
joni awamiliger lok niyog pabe taka diye,1,0,0,0,0,0
Bhi 4/5 dia ar betor ki hat ar postuti sombob.....R khali jaigai postuti nele Corporation ar prob ta kothai. Faltu news,0,0,0,0,0,0
salara sob chuder vai 2 dine ke akta hat ar prostuti somvob kompokhe 10 din lage,1,1,1,0,1,0
Afghanistan a pathway ditay hobay,1,0,0,0,0,0
"Khasi gula to Bimanei khaice, bimane ghumaice, office  korca kokhon?  Bosti banaye felece. 2472 ta ticket Ekhon niyece. Hala dalali korca, business korca.",1,1,0,0,1,0
Private company k diye den sob problem solve hoye jabe In Shaa Allah,0,0,0,0,0,0
Voi passi too,1,0,0,0,0,0
Ei sob na kore...jara mosar ousud dey tara ousud bahire bikri kore... kerasin tel mare...eta kheyal koren...ami nijhe dhorsi....,0,0,0,0,0,0
Ta toe health minister ei korlo....  ???,1,0,0,0,0,0
Ya ALLAH Tumi amder sobai k ei mohamari theke hefajot koro,0,0,0,0,0,0
Pathetic...... Allah maf koro amer basa te ekta mosa o nai,1,0,0,0,0,0
Mosalig er kaj dekhen,1,0,0,0,0,0
breking news ei matro ekta dengu amare kamre palaise,1,0,0,0,0,0
Ate BNP r kaj,1,0,0,0,0,0
Murko jokon news reporter hoi  Tokon amon headline Kore,1,0,0,0,1,0
Vlo  cilo--,0,0,0,0,0,0
Kuranke buke akre dhoro allahor sahazo partona koro sontanke kuran shikha dou soitani sikha bad dou thole posibale inshallah,0,0,0,0,0,0
ALLAHr Ain Bastobayon koren.,0,0,0,0,0,0
EI BANI OPOR EMAN THAAKLY SHANTI SHANTI.......!,0,0,0,0,0,0
Islam rate vote curi somporka ki bolsa aktu bolben.,0,0,0,0,0,0
